<?xml version='1.0' encoding='ISO-8859-1' ?>
<!-- $Revision: 1.7 $ $Date: 2010/03/17 14:11:09 $ -->

<toc version="1.0">

<tocitem target="poblano_toolbox_product_page.html" >Poblano 

<tocitem image="$toolbox/matlab/icons/pageicon.gif"
 target="A1_POBLANO_overview_docs.html">Toolbox Overview</tocitem>
<tocitem image="$toolbox/matlab/icons/pageicon.gif"
 target="A2_poblano_params_docs.html">Optimization Input Parameters</tocitem>
<tocitem image="$toolbox/matlab/icons/pageicon.gif"
 target="A3_poblano_out_docs.html">Optimization Output Parameters</tocitem>
<tocitem image="$toolbox/matlab/icons/pageicon.gif"
 target="A4_poblano_examples_docs.html">Poblano Examples</tocitem>
<tocitem image="$toolbox/matlab/icons/pageicon.gif"
 target="B_ncg_docs.html">Nonlinear Conjugate Gradient Optimization</tocitem>
<tocitem image="$toolbox/matlab/icons/pageicon.gif"
 target="C_lmbfgs_docs.html">Limited-Memory BFGS Optimization</tocitem>
<tocitem image="$toolbox/matlab/icons/pageicon.gif"
 target="D_tn_docs.html">Truncated Newton Optimization</tocitem>
<tocitem image="$toolbox/matlab/icons/pageicon.gif"
 target="E_gradientcheck_docs.html">Checking Gradient Calculations</tocitem>

<tocitem target="https://software.sandia.gov/trac/poblano/"
image="$toolbox/matlab/icons/webicon.gif">Poblano Toolbox Web Page</tocitem>

</tocitem>
</toc>
